{"frames": {

"ArrowRight.png":
{
	"frame": {"x":2614,"y":842,"w":128,"h":65},
	"rotated": false,
	"trimmed": true,
	"spriteSourceSize": {"x":0,"y":35,"w":128,"h":65},
	"sourceSize": {"w":128,"h":128}
},
"boat.png":
{
	"frame": {"x":1686,"y":786,"w":127,"h":126},
	"rotated": false,
	"trimmed": true,
	"spriteSourceSize": {"x":1,"y":0,"w":127,"h":126},
	"sourceSize": {"w":128,"h":128}
},
"break.png":
{
	"frame": {"x":1947,"y":657,"w":4,"h":4},
	"rotated": false,
	"trimmed": false,
	"spriteSourceSize": {"x":0,"y":0,"w":4,"h":4},
	"sourceSize": {"w":4,"h":4}
},
"Button_UI.png":
{
	"frame": {"x":1017,"y":772,"w":140,"h":47},
	"rotated": false,
	"trimmed": true,
	"spriteSourceSize": {"x":2,"y":0,"w":140,"h":47},
	"sourceSize": {"w":144,"h":48}
},
"by.png":
{
	"frame": {"x":1815,"y":657,"w":127,"h":126},
	"rotated": false,
	"trimmed": true,
	"spriteSourceSize": {"x":1,"y":0,"w":127,"h":126},
	"sourceSize": {"w":128,"h":128}
},
"circle.png":
{
	"frame": {"x":1,"y":772,"w":128,"h":128},
	"rotated": false,
	"trimmed": false,
	"spriteSourceSize": {"x":0,"y":0,"w":128,"h":128},
	"sourceSize": {"w":128,"h":128}
},
"Circular_Button_Hover.png":
{
	"frame": {"x":3169,"y":785,"w":127,"h":127},
	"rotated": false,
	"trimmed": true,
	"spriteSourceSize": {"x":0,"y":1,"w":127,"h":127},
	"sourceSize": {"w":128,"h":128}
},
"Circular_Button_MouseDown.png":
{
	"frame": {"x":1686,"y":657,"w":127,"h":127},
	"rotated": false,
	"trimmed": true,
	"spriteSourceSize": {"x":0,"y":1,"w":127,"h":127},
	"sourceSize": {"w":128,"h":128}
},
"Circular_Button_Normal.png":
{
	"frame": {"x":131,"y":772,"w":127,"h":127},
	"rotated": false,
	"trimmed": true,
	"spriteSourceSize": {"x":0,"y":1,"w":127,"h":127},
	"sourceSize": {"w":128,"h":128}
},
"CurvedArrowRight.png":
{
	"frame": {"x":638,"y":772,"w":128,"h":98},
	"rotated": false,
	"trimmed": true,
	"spriteSourceSize": {"x":0,"y":28,"w":128,"h":98},
	"sourceSize": {"w":128,"h":128}
},
"Dangerous.png":
{
	"frame": {"x":3253,"y":377,"w":115,"h":116},
	"rotated": false,
	"trimmed": true,
	"spriteSourceSize": {"x":6,"y":5,"w":115,"h":116},
	"sourceSize": {"w":128,"h":128}
},
"diamond.png":
{
	"frame": {"x":3245,"y":123,"w":108,"h":128},
	"rotated": false,
	"trimmed": true,
	"spriteSourceSize": {"x":11,"y":0,"w":108,"h":128},
	"sourceSize": {"w":128,"h":128}
},
"dis.png":
{
	"frame": {"x":1,"y":1,"w":2090,"h":168},
	"rotated": false,
	"trimmed": false,
	"spriteSourceSize": {"x":0,"y":0,"w":2090,"h":168},
	"sourceSize": {"w":2090,"h":168}
},
"DismissArrow.png":
{
	"frame": {"x":3245,"y":253,"w":109,"h":122},
	"rotated": false,
	"trimmed": true,
	"spriteSourceSize": {"x":7,"y":1,"w":109,"h":122},
	"sourceSize": {"w":128,"h":128}
},
"End.png":
{
	"frame": {"x":898,"y":772,"w":117,"h":87},
	"rotated": false,
	"trimmed": true,
	"spriteSourceSize": {"x":4,"y":32,"w":117,"h":87},
	"sourceSize": {"w":128,"h":128}
},
"EndingMadeBy.png":
{
	"frame": {"x":1,"y":553,"w":1239,"h":217},
	"rotated": false,
	"trimmed": true,
	"spriteSourceSize": {"x":7,"y":2,"w":1239,"h":217},
	"sourceSize": {"w":1280,"h":220}
},
"EnemyShip.png":
{
	"frame": {"x":1292,"y":171,"w":659,"h":484},
	"rotated": false,
	"trimmed": true,
	"spriteSourceSize": {"x":146,"y":65,"w":659,"h":484},
	"sourceSize": {"w":960,"h":560}
},
"EventBack.png":
{
	"frame": {"x":1953,"y":171,"w":128,"h":128},
	"rotated": false,
	"trimmed": false,
	"spriteSourceSize": {"x":0,"y":0,"w":128,"h":128},
	"sourceSize": {"w":128,"h":128}
},
"Fire_Icon.png":
{
	"frame": {"x":1017,"y":821,"w":78,"h":38},
	"rotated": false,
	"trimmed": true,
	"spriteSourceSize": {"x":23,"y":45,"w":78,"h":38},
	"sourceSize": {"w":128,"h":128}
},
"Flank_Icon.png":
{
	"frame": {"x":2744,"y":842,"w":110,"h":38},
	"rotated": false,
	"trimmed": true,
	"spriteSourceSize": {"x":9,"y":45,"w":110,"h":38},
	"sourceSize": {"w":128,"h":128}
},
"Flee_Icon.png":
{
	"frame": {"x":3253,"y":721,"w":82,"h":38},
	"rotated": false,
	"trimmed": true,
	"spriteSourceSize": {"x":21,"y":45,"w":82,"h":38},
	"sourceSize": {"w":128,"h":128}
},
"market.png":
{
	"frame": {"x":2614,"y":428,"w":637,"h":355},
	"rotated": false,
	"trimmed": true,
	"spriteSourceSize": {"x":3,"y":12,"w":637,"h":355},
	"sourceSize": {"w":640,"h":384}
},
"Peaceful.png":
{
	"frame": {"x":3253,"y":495,"w":115,"h":104},
	"rotated": false,
	"trimmed": true,
	"spriteSourceSize": {"x":6,"y":15,"w":115,"h":104},
	"sourceSize": {"w":128,"h":128}
},
"person.png":
{
	"frame": {"x":1242,"y":553,"w":33,"h":60},
	"rotated": false,
	"trimmed": true,
	"spriteSourceSize": {"x":8,"y":10,"w":33,"h":60},
	"sourceSize": {"w":48,"h":72}
},
"power.png":
{
	"frame": {"x":1159,"y":772,"w":57,"h":46},
	"rotated": false,
	"trimmed": true,
	"spriteSourceSize": {"x":7,"y":1,"w":57,"h":46},
	"sourceSize": {"w":72,"h":48}
},
"SeaWaves.png":
{
	"frame": {"x":515,"y":772,"w":121,"h":112},
	"rotated": false,
	"trimmed": true,
	"spriteSourceSize": {"x":3,"y":14,"w":121,"h":112},
	"sourceSize": {"w":128,"h":128}
},
"Ship.png":
{
	"frame": {"x":1953,"y":428,"w":659,"h":484},
	"rotated": false,
	"trimmed": true,
	"spriteSourceSize": {"x":146,"y":65,"w":659,"h":484},
	"sourceSize": {"w":960,"h":560}
},
"SmallBoat.png":
{
	"frame": {"x":3245,"y":1,"w":116,"h":120},
	"rotated": false,
	"trimmed": true,
	"spriteSourceSize": {"x":6,"y":0,"w":116,"h":120},
	"sourceSize": {"w":128,"h":128}
},
"sn.png":
{
	"frame": {"x":260,"y":772,"w":127,"h":126},
	"rotated": false,
	"trimmed": true,
	"spriteSourceSize": {"x":1,"y":0,"w":127,"h":126},
	"sourceSize": {"w":128,"h":128}
},
"Start.png":
{
	"frame": {"x":3253,"y":601,"w":90,"h":118},
	"rotated": false,
	"trimmed": true,
	"spriteSourceSize": {"x":15,"y":5,"w":90,"h":118},
	"sourceSize": {"w":128,"h":128}
},
"tfp.png":
{
	"frame": {"x":2614,"y":785,"w":423,"h":55},
	"rotated": false,
	"trimmed": true,
	"spriteSourceSize": {"x":13,"y":1,"w":423,"h":55},
	"sourceSize": {"w":450,"h":56}
},
"TitleScreen.png":
{
	"frame": {"x":2093,"y":1,"w":1150,"h":425},
	"rotated": false,
	"trimmed": true,
	"spriteSourceSize": {"x":19,"y":11,"w":1150,"h":425},
	"sourceSize": {"w":1180,"h":440}
},
"TitleScreenMadeBy.png":
{
	"frame": {"x":1242,"y":657,"w":442,"h":171},
	"rotated": false,
	"trimmed": true,
	"spriteSourceSize": {"x":22,"y":42,"w":442,"h":171},
	"sourceSize": {"w":481,"h":257}
},
"Trim.png":
{
	"frame": {"x":1,"y":902,"w":40,"h":10},
	"rotated": false,
	"trimmed": false,
	"spriteSourceSize": {"x":0,"y":0,"w":40,"h":10},
	"sourceSize": {"w":40,"h":10}
},
"TrimCorner.png":
{
	"frame": {"x":43,"y":902,"w":10,"h":10},
	"rotated": false,
	"trimmed": false,
	"spriteSourceSize": {"x":0,"y":0,"w":10,"h":10},
	"sourceSize": {"w":10,"h":10}
},
"TrimRT.png":
{
	"frame": {"x":2081,"y":301,"w":10,"h":40},
	"rotated": false,
	"trimmed": false,
	"spriteSourceSize": {"x":0,"y":0,"w":10,"h":40},
	"sourceSize": {"w":10,"h":40}
},
"UIBack.png":
{
	"frame": {"x":1,"y":171,"w":1289,"h":380},
	"rotated": false,
	"trimmed": true,
	"spriteSourceSize": {"x":1,"y":0,"w":1289,"h":380},
	"sourceSize": {"w":1290,"h":380}
},
"undertrack.png":
{
	"frame": {"x":1944,"y":657,"w":1,"h":12},
	"rotated": false,
	"trimmed": false,
	"spriteSourceSize": {"x":0,"y":0,"w":1,"h":12},
	"sourceSize": {"w":1,"h":12}
},
"VerticallyFlippedCurvedArrowRight.png":
{
	"frame": {"x":768,"y":772,"w":128,"h":98},
	"rotated": false,
	"trimmed": true,
	"spriteSourceSize": {"x":0,"y":2,"w":128,"h":98},
	"sourceSize": {"w":128,"h":128}
},
"WrittenCircle.png":
{
	"frame": {"x":1953,"y":301,"w":126,"h":125},
	"rotated": false,
	"trimmed": true,
	"spriteSourceSize": {"x":1,"y":1,"w":126,"h":125},
	"sourceSize": {"w":128,"h":128}
},
"WrittenCircleScored.png":
{
	"frame": {"x":1815,"y":785,"w":125,"h":125},
	"rotated": false,
	"trimmed": true,
	"spriteSourceSize": {"x":2,"y":0,"w":125,"h":125},
	"sourceSize": {"w":128,"h":128}
},
"WrittenDoubleCircle.png":
{
	"frame": {"x":389,"y":772,"w":124,"h":123},
	"rotated": false,
	"trimmed": true,
	"spriteSourceSize": {"x":2,"y":2,"w":124,"h":123},
	"sourceSize": {"w":128,"h":128}
},
"WrittenLine.png":
{
	"frame": {"x":2744,"y":882,"w":64,"h":16},
	"rotated": false,
	"trimmed": false,
	"spriteSourceSize": {"x":0,"y":0,"w":64,"h":16},
	"sourceSize": {"w":64,"h":16}
},
"WrittenX.png":
{
	"frame": {"x":3039,"y":785,"w":128,"h":127},
	"rotated": false,
	"trimmed": true,
	"spriteSourceSize": {"x":0,"y":0,"w":128,"h":127},
	"sourceSize": {"w":128,"h":128}
}},
"meta": {
	"app": "http://www.codeandweb.com/texturepacker",
	"version": "1.0",
	"image": "main.png",
	"format": "RGBA8888",
	"size": {"w":3369,"h":913},
	"scale": "1",
	"smartupdate": "$TexturePacker:SmartUpdate:a85f34d8c3da844f5b2cf73820b0ff9d:d0418cdd893828d932eab4bd6aece880:03f91ab73e0f4667800419161e658c40$"
}
}
